<!-- [ Mirror metadata ] generatedAt: 1455754849992 -->
<!-- Generated screen file. Fill the id tags below with content with
which to populate your previewed layout. For a complete specification
of sample data, please see http://jimulabs.com/sample-data-specifications/ 

Valid attributes on <screen> tag: theme="@style/someTheme" inEditMode="false" overlay="@drawable/mockup" -->
<screen>
    <_content layout="@layout/activity_pest_info_details">
        <!-- TextView Examples:
        <details_pest_kind text="@string/string_resource" />
        <details_pest_kind text="Text literal" textSize="14sp" /> -->
        <details_pest_kind />
        <details_area />
        <details_temperature />
        <details_humidity />
        <details_start_time />
        <details_end_time />
        <details_send_time />
    </_content>
</screen>
