<!-- [ Mirror metadata ] generatedAt: 1455754850006 -->
<!-- Generated screen file. Fill the id tags below with content with
which to populate your previewed layout. For a complete specification
of sample data, please see http://jimulabs.com/sample-data-specifications/ 

Valid attributes on <screen> tag: theme="@style/someTheme" inEditMode="false" overlay="@drawable/mockup" -->
<screen>
    <_content layout="@layout/fragment_setting">
        <!-- ImageView Examples:
        <setting_icon src="@drawable/image_resource" />
        <setting_icon src="relative_path/image.jpg" /> -->
        <setting_icon />
        <!-- TextView Examples:
        <setting_current_version text="@string/string_resource" />
        <setting_current_version text="Text literal" textSize="14sp" /> -->
        <setting_current_version />
        <setting_about_us />
    </_content>
</screen>
